	image_path
0	/Users/forrest/blue/code/github/personal-image-search/images/Pasted Image 20231011171115_280.png
1	/Users/forrest/blue/code/github/personal-image-search/images/Pasted Image 20231022115508_664.png
2	/Users/forrest/blue/code/github/personal-image-search/images/Pasted Image 20231011161130_475.png
3	/Users/forrest/blue/code/github/personal-image-search/images/Pasted Image 20231027171159_777.png
4	/Users/forrest/blue/code/github/personal-image-search/images/Pasted Image 20231011144149_225.png
5	/Users/forrest/blue/code/github/personal-image-search/images/Pasted Image 20231013214846_222.png
6	/Users/forrest/blue/code/github/personal-image-search/images/Pasted Image 20231023220736_444.png
7	/Users/forrest/blue/code/github/personal-image-search/images/Pasted Image 20231022105911_052.png
8	/Users/forrest/blue/code/github/personal-image-search/images/Pasted Image 20231014205846_543.png
9	/Users/forrest/blue/code/github/personal-image-search/images/Pasted Image 20231011165423_458.png
10	/Users/forrest/blue/code/github/personal-image-search/images/Pasted Image 20231013135945_302.png
11	/Users/forrest/blue/code/github/personal-image-search/images/Pasted Image 20231014205917_515.png
12	/Users/forrest/blue/code/github/personal-image-search/images/Pasted Image 20231011163742_775.png
13	/Users/forrest/blue/code/github/personal-image-search/images/Pasted Image 20231023172355_861.png
14	/Users/forrest/blue/code/github/personal-image-search/images/Pasted Image 20231014205707_326.png
15	/Users/forrest/blue/code/github/personal-image-search/images/Pasted Image 20231019124026_130.png
16	/Users/forrest/blue/code/github/personal-image-search/images/Pasted Image 20231011154348_195.png
17	/Users/forrest/blue/code/github/personal-image-search/images/Pasted Image 20231014212004_539.png
18	/Users/forrest/blue/code/github/personal-image-search/images/Pasted Image 20231027215839_633.png
19	/Users/forrest/blue/code/github/personal-image-search/images/Pasted Image 20231023222844_113.png
20	/Users/forrest/blue/code/github/personal-image-search/images/Pasted Image 20231011160500_690.png
21	/Users/forrest/blue/code/github/personal-image-search/images/Pasted Image 20231026162051_737.png
22	/Users/forrest/blue/code/github/personal-image-search/images/Pasted Image 20231008120828_542.png
23	/Users/forrest/blue/code/github/personal-image-search/images/Pasted Image 20231027215859_036.png
24	/Users/forrest/blue/code/github/personal-image-search/images/Pasted Image 20231027171128_952.png
25	/Users/forrest/blue/code/github/personal-image-search/images/Pasted Image 20231018213350_435.png
26	/Users/forrest/blue/code/github/personal-image-search/images/Pasted image 20231011104832.png
27	/Users/forrest/blue/code/github/personal-image-search/images/Pasted Image 20231019161853_015.png
28	/Users/forrest/blue/code/github/personal-image-search/images/Pasted Image 20231013135749_161.png
29	/Users/forrest/blue/code/github/personal-image-search/images/Pasted Image 20231027171231_026.png
30	/Users/forrest/blue/code/github/personal-image-search/images/Pasted image 20231022190931.png
31	/Users/forrest/blue/code/github/personal-image-search/images/Pasted Image 20231027171143_953.png
32	/Users/forrest/blue/code/github/personal-image-search/images/Pasted Image 20231014205902_437.png
33	/Users/forrest/blue/code/github/personal-image-search/images/Pasted Image 20231014205948_462.png
34	/Users/forrest/blue/code/github/personal-image-search/images/Pasted Image 20231011164042_274.png
35	/Users/forrest/blue/code/github/personal-image-search/images/Pasted Image 20231027171215_040.png
36	/Users/forrest/blue/code/github/personal-image-search/images/Pasted Image 20231027111353_378.png
37	/Users/forrest/blue/code/github/personal-image-search/images/Pasted image 20231022190908.png
38	/Users/forrest/blue/code/github/personal-image-search/images/Pasted Image 20231023221341_571.png
39	/Users/forrest/blue/code/github/personal-image-search/images/Pasted Image 20231011143601_461.png
40	/Users/forrest/blue/code/github/personal-image-search/images/Pasted Image 20231019103553_400.png
41	/Users/forrest/blue/code/github/personal-image-search/images/Pasted Image 20231019103553_414.png
42	/Users/forrest/blue/code/github/personal-image-search/images/Pasted Image 20231027111427_766.png
43	/Users/forrest/blue/code/github/personal-image-search/images/Pasted Image 20231022110002_125.png
44	/Users/forrest/blue/code/github/personal-image-search/images/Pasted Image 20231011144118_714.png
45	/Users/forrest/blue/code/github/personal-image-search/images/Pasted Image 20231011143748_193.png
46	/Users/forrest/blue/code/github/personal-image-search/images/Pasted Image 20231011120928_740.png
47	/Users/forrest/blue/code/github/personal-image-search/images/Pasted Image 20231030175137_603.png
48	/Users/forrest/blue/code/github/personal-image-search/images/Pasted Image 20231011165032_469.png
49	/Users/forrest/blue/code/github/personal-image-search/images/Pasted Image 20231011154455_198.png
50	/Users/forrest/blue/code/github/personal-image-search/images/Pasted Image 20231018213022_570.png
51	/Users/forrest/blue/code/github/personal-image-search/images/Pasted Image 20231014210336_456.png
52	/Users/forrest/blue/code/github/personal-image-search/images/Pasted Image 20231011143641_706.png
53	/Users/forrest/blue/code/github/personal-image-search/images/Pasted Image 20231011144134_180.png
54	/Users/forrest/blue/code/github/personal-image-search/images/Pasted Image 20231011154329_213.png
55	/Users/forrest/blue/code/github/personal-image-search/images/Pasted Image 20231011143455_360.png
56	/Users/forrest/blue/code/github/personal-image-search/images/Pasted Image 20231013135826_296.png
57	/Users/forrest/blue/code/github/personal-image-search/images/Pasted Image 20231014205948_469.png
58	/Users/forrest/blue/code/github/personal-image-search/images/Pasted Image 20231028155505_581.png
59	/Users/forrest/blue/code/github/personal-image-search/images/Pasted Image 20231011164514_214.png
60	/Users/forrest/blue/code/github/personal-image-search/images/Pasted Image 20231019150032_910.png
61	/Users/forrest/blue/code/github/personal-image-search/images/Pasted Image 20231027171246_778.png
62	/Users/forrest/blue/code/github/personal-image-search/images/Pasted Image 20231011164042_240.png
63	/Users/forrest/blue/code/github/personal-image-search/images/Pasted Image 20231018213151_652.png
64	/Users/forrest/blue/code/github/personal-image-search/images/Pasted Image 20231011170040_425.png
65	/Users/forrest/blue/code/github/personal-image-search/images/Pasted Image 20231018213120_545.png
66	/Users/forrest/blue/code/github/personal-image-search/images/Pasted Image 20231022222815_185.png
67	/Users/forrest/blue/code/github/personal-image-search/images/Pasted Image 20231019150136_765.png
68	/Users/forrest/blue/code/github/personal-image-search/images/Pasted Image 20231011165140_763.png
69	/Users/forrest/blue/code/github/personal-image-search/images/Pasted Image 20231026121046_279.png
70	/Users/forrest/blue/code/github/personal-image-search/images/Pasted Image 20231019093436_228.png
71	/Users/forrest/blue/code/github/personal-image-search/images/Pasted Image 20231020212903_537.png
72	/Users/forrest/blue/code/github/personal-image-search/images/Pasted Image 20231011165353_233.png
73	/Users/forrest/blue/code/github/personal-image-search/images/Pasted Image 20231018213218_443.png
74	/Users/forrest/blue/code/github/personal-image-search/images/Pasted Image 20231027111337_535.png
75	/Users/forrest/blue/code/github/personal-image-search/images/Pasted Image 20231027171301_810.png
76	/Users/forrest/blue/code/github/personal-image-search/images/Pasted Image 20231019124011_029.png
77	/Users/forrest/blue/code/github/personal-image-search/images/Pasted Image 20231022105519_304.png
78	/Users/forrest/blue/code/github/personal-image-search/images/Pasted Image 20231011123137_916.png
79	/Users/forrest/blue/code/github/personal-image-search/images/Pasted Image 20231017131836_698.png
80	/Users/forrest/blue/code/github/personal-image-search/images/Pasted Image 20231019152932_996.png
81	/Users/forrest/blue/code/github/personal-image-search/images/Pasted Image 20231023225324_332.png
82	/Users/forrest/blue/code/github/personal-image-search/images/Pasted Image 20231011144149_239.png
83	/Users/forrest/blue/code/github/personal-image-search/images/Pasted Image 20231011170055_474.png
84	/Users/forrest/blue/code/github/personal-image-search/images/Pasted Image 20231011170130_245.png
85	/Users/forrest/blue/code/github/personal-image-search/images/Pasted Image 20231023221414_999.png
86	/Users/forrest/blue/code/github/personal-image-search/images/Pasted Image 20231011002525_846.png
87	/Users/forrest/blue/code/github/personal-image-search/images/Pasted Image 20231011161404_239.png
88	/Users/forrest/blue/code/github/personal-image-search/images/Pasted Image 20231018213136_614.png
89	/Users/forrest/blue/code/github/personal-image-search/images/Pasted Image 20231018213334_430.png
90	/Users/forrest/blue/code/github/personal-image-search/images/Pasted Image 20231014210051_744.png
91	/Users/forrest/blue/code/github/personal-image-search/images/Pasted Image 20231023225425_351.png
92	/Users/forrest/blue/code/github/personal-image-search/images/Pasted Image 20231011164407_507.png
93	/Users/forrest/blue/code/github/personal-image-search/images/Pasted Image 20231019170224_202.png
94	/Users/forrest/blue/code/github/personal-image-search/images/Pasted Image 20231008155900_449.png
95	/Users/forrest/blue/code/github/personal-image-search/images/Pasted image 20231022191846.png
96	/Users/forrest/blue/code/github/personal-image-search/images/Pasted Image 20231011161234_532.png
97	/Users/forrest/blue/code/github/personal-image-search/images/Pasted Image 20231020212605_382.png
98	/Users/forrest/blue/code/github/personal-image-search/images/Pasted Image 20231011170130_057.png
99	/Users/forrest/blue/code/github/personal-image-search/images/Pasted Image 20231017102938_039.png
100	/Users/forrest/blue/code/github/personal-image-search/images/Pasted Image 20231022184404_124.png
101	/Users/forrest/blue/code/github/personal-image-search/images/Pasted Image 20231011164601_466.png
102	/Users/forrest/blue/code/github/personal-image-search/images/Pasted Image 20231019160412_326.png
103	/Users/forrest/blue/code/github/personal-image-search/images/Pasted Image 20231011162257_895.png
104	/Users/forrest/blue/code/github/personal-image-search/images/Pasted Image 20231011144244_767.png
105	/Users/forrest/blue/code/github/personal-image-search/images/Pasted Image 20231011164700_429.png
106	/Users/forrest/blue/code/github/personal-image-search/images/sub folder/images (2).jpeg
107	/Users/forrest/blue/code/github/personal-image-search/images/sub folder/images.jpeg
108	/Users/forrest/blue/code/github/personal-image-search/images/sub folder/images (1).jpeg
109	/Users/forrest/blue/code/github/personal-image-search/images/sub folder/下载.jpeg
110	/Users/forrest/blue/code/github/personal-image-search/images/sub folder/下载 (1).jpeg
